protein,mutation,peptide,wildtype,mut_pos_in_peptide,anchors,binding,wt_binding,dai,similarity,nearest_known,nearest_antigen,composite,pca_x,pca_y
HER2,S310F,GFCTLVCPL,GSCTLVCPL,2,"P2=F, PΩ=L",0.7143,0.7143,0.0,0.8161,GLCTLVAML,EBV BMLF1,0.7652,-0.5091,2.3076
EGFR,T790M,STVQLIMQL,STVQLITQL,7,"P2=T, PΩ=L",0.8571,0.8571,0.0,0.6596,NLVPMVATV,CMV pp65,0.7584,-0.7069,1.8344
HER2,S310F,STDVGFCTL,STDVGSCTL,6,"P2=T, PΩ=L",0.8286,0.8286,0.0,0.6773,AAGIGILTV,Melan-A/MART-1,0.7529,1.7885,-0.9655
KRAS,G12V,LVVVGAVGV,LVVVGAGGV,7,"P2=V, PΩ=V",0.8571,0.8571,0.0,0.6242,AAGIGILTV,Melan-A/MART-1,0.7407,1.3151,-0.6355
EGFR,G719S,VLSSGAFGT,VLGSGAFGT,3,"P2=L, PΩ=T",0.8571,0.8571,0.0,0.6234,IMDQVPFSV,gp100,0.7403,2.7989,-0.6482
KRAS,G12C,LVVVGACGV,LVVVGAGGV,7,"P2=V, PΩ=V",0.8571,0.8571,0.0,0.595,AAGIGILTV,Melan-A/MART-1,0.7261,1.204,-0.5562
EGFR,T790M,IMQLMPFGC,ITQLMPFGC,2,"P2=M, PΩ=C",0.7143,0.5714,0.1429,0.7144,IMDQVPFSV,gp100,0.7143,3.3891,0.4258
EGFR,T790M,LTSTVQLIM,LTSTVQLIT,9,"P2=T, PΩ=M",0.7143,0.7143,0.0,0.7037,VLDGLDVLL,PRAME,0.709,2.0846,0.0032
HER2,V777L,MAGLGSPYV,MAGVGSPYV,4,"P2=A, PΩ=V",0.8571,0.8571,0.0,0.5142,AAGIGILTV,Melan-A/MART-1,0.6857,1.2903,-0.2752
KRAS,G12V,AVGVGKSAL,AGGVGKSAL,2,"P2=V, PΩ=L",0.8286,0.6857,0.1429,0.5227,AAGIGILTV,Melan-A/MART-1,0.6756,1.6523,-0.3295
EGFR,T790M,TVQLIMQLM,TVQLITQLM,6,"P2=V, PΩ=M",0.7143,0.7143,0.0,0.6347,IISAVVGIL,HER2/neu,0.6745,0.1914,1.7562
TP53,G245S,SMNRRPILT,GMNRRPILT,1,"P2=M, PΩ=T",0.8,0.8,0.0,0.5457,ALCRWGLLL,HER2/neu,0.6728,1.2956,0.2489
EGFR,L858R,ITDFGRAKL,ITDFGLAKL,6,"P2=T, PΩ=L",0.7714,0.8,-0.0286,0.5729,VLDFAPPGA,WT1,0.6722,3.8254,-1.7055
TP53,R248W,GMNWRPILT,GMNRRPILT,4,"P2=M, PΩ=T",0.8286,0.8,0.0286,0.4761,CMTWNQMNL,WT1,0.6523,1.6758,0.5434
EGFR,G719S,LSSGAFGTV,LGSGAFGTV,2,"P2=S, PΩ=V",0.7143,0.7143,0.0,0.581,IISAVVGIL,HER2/neu,0.6476,0.9579,-0.5868
TP53,R248Q,GMNQRPILT,GMNRRPILT,4,"P2=M, PΩ=T",0.8286,0.8,0.0286,0.4506,ALCRWGLLL,HER2/neu,0.6396,1.0688,0.0529
EGFR,T790M,QLIMQLMPF,QLITQLMPF,4,"P2=L, PΩ=F",0.7143,0.7143,0.0,0.5636,NLVPMVATV,CMV pp65,0.6389,-1.759,-0.0664
HER2,V777L,VMAGLGSPY,VMAGVGSPY,5,"P2=M, PΩ=Y",0.7143,0.7143,0.0,0.5568,IISAVVGIL,HER2/neu,0.6355,1.2828,1.3075
TP53,R175H,HMTEVVRHC,HMTEVVRRC,8,"P2=M, PΩ=C",0.6571,0.6286,0.0286,0.6133,KVAELVHFL,MAGE-A3,0.6352,-0.4959,0.1895
KRAS,G12D,LVVVGADGV,LVVVGAGGV,7,"P2=V, PΩ=V",0.8286,0.8571,-0.0286,0.4419,IISAVVGIL,HER2/neu,0.6352,0.669,-0.2138
KRAS,G13D,LVVVGAGDV,LVVVGAGGV,8,"P2=V, PΩ=V",0.8286,0.8571,-0.0286,0.4247,IISAVVGIL,HER2/neu,0.6266,1.0149,-0.2499
KRAS,G12R,LVVVGARGV,LVVVGAGGV,7,"P2=V, PΩ=V",0.8286,0.8571,-0.0286,0.422,VLDFAPPGA,WT1,0.6253,1.0155,-0.1784
KRAS,G12V,VVVGAVGVG,VVVGAGGVG,6,"P2=V, PΩ=G",0.5714,0.5714,0.0,0.6698,IISAVVGIL,HER2/neu,0.6206,-0.5553,0.34
KRAS,G12C,ACGVGKSAL,AGGVGKSAL,2,"P2=C, PΩ=L",0.6857,0.6857,0.0,0.5431,AAGIGILTV,Melan-A/MART-1,0.6144,1.6957,-0.3762
KRAS,G12C,VVVGACGVG,VVVGAGGVG,6,"P2=V, PΩ=G",0.5714,0.5714,0.0,0.653,IISAVVGIL,HER2/neu,0.6122,-0.366,0.2332
KRAS,G12C,KLVVVGACG,KLVVVGAGG,8,"P2=L, PΩ=G",0.6857,0.6857,0.0,0.5235,NLVPMVATV,CMV pp65,0.6046,-0.9899,0.0731
HER2,S310F,LSTDVGFCT,LSTDVGSCT,7,"P2=S, PΩ=T",0.5429,0.5429,0.0,0.653,ITDQVPFSV,gp100,0.5979,2.3286,-0.1101
TP53,R248W,GGMNWRPIL,GGMNRRPIL,5,"P2=G, PΩ=L",0.6857,0.6571,0.0286,0.51,ALCRWGLLL,HER2/neu,0.5979,-1.6137,1.785
EGFR,G719S,KVLSSGAFG,KVLGSGAFG,4,"P2=V, PΩ=G",0.5429,0.5429,0.0,0.6527,KIFGSLAFL,HER2/neu (E75),0.5978,-2.5867,-1.6263
HER2,S310F,YLSTDVGFC,YLSTDVGSC,8,"P2=L, PΩ=C",0.6857,0.6857,0.0,0.5065,YMDGTMSQV,Tyrosinase,0.5961,-0.8523,-1.5508
KRAS,G12V,KLVVVGAVG,KLVVVGAGG,8,"P2=L, PΩ=G",0.6857,0.6857,0.0,0.5037,NLVPMVATV,CMV pp65,0.5947,-1.2068,0.1044
KRAS,G13D,DVGKSALTI,GVGKSALTI,1,"P2=V, PΩ=I",0.6571,0.6857,-0.0286,0.5299,LLGRNSFEV,p53,0.5935,1.3723,0.5847
KRAS,G13D,AGDVGKSAL,AGGVGKSAL,3,"P2=G, PΩ=L",0.6571,0.6857,-0.0286,0.4973,VLDFAPPGA,WT1,0.5772,2.9593,-1.2206
TP53,R248W,CMGGMNWRP,CMGGMNRRP,7,"P2=M, PΩ=P",0.6857,0.6571,0.0286,0.4671,IMDQVPFSV,gp100,0.5764,2.3994,0.5455
KRAS,G12D,KLVVVGADG,KLVVVGAGG,8,"P2=L, PΩ=G",0.6571,0.6857,-0.0286,0.4942,NLVPMVATV,CMV pp65,0.5757,-0.2491,-0.008
KRAS,G12R,VVVGARGVG,VVVGAGGVG,6,"P2=V, PΩ=G",0.5429,0.5714,-0.0286,0.6073,FLWGPRALV,MAGE-A3,0.5751,0.0891,-0.8093
EGFR,T790M,LIMQLMPFG,LITQLMPFG,3,"P2=I, PΩ=G",0.5714,0.5714,0.0,0.5596,ILAKFLHWL,hTERT,0.5655,-0.7885,1.3794
KRAS,G12R,KLVVVGARG,KLVVVGAGG,8,"P2=L, PΩ=G",0.6571,0.6857,-0.0286,0.4684,NLVPMVATV,CMV pp65,0.5628,-1.0104,-0.0172
KRAS,G12C,GACGVGKSA,GAGGVGKSA,3,"P2=A, PΩ=A",0.6857,0.6857,0.0,0.4371,STAPPVHNV,MUC1,0.5614,0.4181,1.3068
TP53,R248Q,CMGGMNQRP,CMGGMNRRP,7,"P2=M, PΩ=P",0.6857,0.6571,0.0286,0.4262,CLGGLLTMV,EBV LMP2A,0.556,1.685,0.6875
HER2,V777L,LGSPYVSRL,VGSPYVSRL,1,"P2=G, PΩ=L",0.6857,0.6857,0.0,0.4256,ILAKFLHWL,hTERT,0.5557,0.5081,1.9524
EGFR,T790M,MQLMPFGCL,TQLMPFGCL,1,"P2=Q, PΩ=L",0.7143,0.7143,0.0,0.3906,IISAVVGIL,HER2/neu,0.5524,-1.1,-0.1758
KRAS,G12V,GAVGVGKSA,GAGGVGKSA,3,"P2=A, PΩ=A",0.6857,0.6857,0.0,0.4139,STAPPVHNV,MUC1,0.5498,0.0883,1.2018
HER2,V777L,YVMAGLGSP,YVMAGVGSP,6,"P2=V, PΩ=P",0.5714,0.5714,0.0,0.5208,YMDGTMSQV,Tyrosinase,0.5461,-0.2781,-1.6248
TP53,G245S,CNSSCMGSM,CNSSCMGGM,8,"P2=N, PΩ=M",0.5714,0.5714,0.0,0.5198,CLGGLLTMV,EBV LMP2A,0.5456,1.4468,0.7767
TP53,R248Q,GGMNQRPIL,GGMNRRPIL,5,"P2=G, PΩ=L",0.6857,0.6571,0.0286,0.4036,FLWGPRALV,MAGE-A3,0.5447,-1.3369,-0.6685
KRAS,G12D,GADGVGKSA,GAGGVGKSA,3,"P2=A, PΩ=A",0.6571,0.6857,-0.0286,0.4137,ITDQVPFSV,gp100,0.5354,2.7371,0.6478
TP53,R248W,NWRPILTII,NRRPILTII,2,"P2=W, PΩ=I",0.5429,0.3,0.2429,0.526,GLCTLVAML,EBV BMLF1,0.5344,-1.403,1.2429
KRAS,G13D,GAGDVGKSA,GAGGVGKSA,4,"P2=A, PΩ=A",0.6571,0.6857,-0.0286,0.4006,STAPPVHNV,MUC1,0.5289,1.4962,1.1941
HER2,R678Q,LIKRQQQKI,LIKRRQQKI,5,"P2=I, PΩ=I",0.6286,0.6,0.0286,0.4156,CMTWNQMNL,WT1,0.5221,1.2502,-0.6538
KRAS,G12D,VVVGADGVG,VVVGAGGVG,6,"P2=V, PΩ=G",0.5429,0.5714,-0.0286,0.498,VLDGLDVLL,PRAME,0.5204,0.5904,-0.5618
HER2,S310F,DVGFCTLVC,DVGSCTLVC,4,"P2=V, PΩ=C",0.5429,0.5429,0.0,0.4943,AAGIGILTV,Melan-A/MART-1,0.5186,1.6254,1.175
TP53,R248W,MNWRPILTI,MNRRPILTI,3,"P2=N, PΩ=I",0.5429,0.5143,0.0286,0.491,SLYNTVATL,HIV-1 Gag,0.5169,-0.3304,-1.0365
TP53,G245S,GSMNRRPIL,GGMNRRPIL,2,"P2=S, PΩ=L",0.6571,0.6571,0.0,0.3767,FLWGPRALV,MAGE-A3,0.5169,-1.3061,-0.2233
EGFR,G719S,KIKVLSSGA,KIKVLGSGA,6,"P2=I, PΩ=A",0.6571,0.6571,0.0,0.3736,NLVPMVATV,CMV pp65,0.5154,0.2195,-0.098
TP53,R248Q,MNQRPILTI,MNRRPILTI,3,"P2=N, PΩ=I",0.5429,0.5143,0.0286,0.4781,ITDQVPFSV,gp100,0.5105,1.7626,-0.2395
TP53,G245S,MCNSSCMGS,MCNSSCMGG,9,"P2=C, PΩ=S",0.4286,0.4286,0.0,0.5896,YLEPGPVTA,gp100,0.5091,2.5011,-1.1543
KRAS,G13D,VVVGAGDVG,VVVGAGGVG,7,"P2=V, PΩ=G",0.5429,0.5714,-0.0286,0.4635,IISAVVGIL,HER2/neu,0.5032,-0.0135,-0.094
EGFR,T790M,TSTVQLIMQ,TSTVQLITQ,8,"P2=S, PΩ=Q",0.4286,0.4286,0.0,0.5769,AAGIGILTV,Melan-A/MART-1,0.5027,-0.0122,-0.1405
TP53,R248Q,NQRPILTII,NRRPILTII,2,"P2=Q, PΩ=I",0.5429,0.3,0.2429,0.4611,GLCTLVAML,EBV BMLF1,0.502,-1.2569,1.0893
TP53,G245S,CMGSMNRRP,CMGGMNRRP,4,"P2=M, PΩ=P",0.6571,0.6571,0.0,0.3426,CLGGLLTMV,EBV LMP2A,0.4999,1.8778,0.9041
KRAS,G12R,GARGVGKSA,GAGGVGKSA,3,"P2=A, PΩ=A",0.6571,0.6857,-0.0286,0.3407,ILKEPVHGV,HIV-1 RT,0.4989,0.9637,0.6472
TP53,R175H,MTEVVRHCP,MTEVVRRCP,7,"P2=T, PΩ=P",0.5143,0.4857,0.0286,0.477,ITDQVPFSV,gp100,0.4956,3.1557,-0.2473
TP53,R248W,MGGMNWRPI,MGGMNRRPI,6,"P2=G, PΩ=I",0.5429,0.5143,0.0286,0.4476,AAGIGILTV,Melan-A/MART-1,0.4952,1.0399,-0.741
TP53,R248Q,MGGMNQRPI,MGGMNRRPI,6,"P2=G, PΩ=I",0.5429,0.5143,0.0286,0.4078,CMTWNQMNL,WT1,0.4753,1.9944,-0.7774
TP53,R273H,NSFEVHVCA,NSFEVRVCA,6,"P2=S, PΩ=A",0.5429,0.5143,0.0286,0.4015,RLVDDFLLV,hTERT,0.4722,-1.489,-1.5953
KRAS,G12R,RGVGKSALT,GGVGKSALT,1,"P2=G, PΩ=T",0.5143,0.5429,-0.0286,0.4231,RMFPNAPYL,WT1,0.4687,-2.1367,-1.4676
EGFR,L858R,VKITDFGRA,VKITDFGLA,8,"P2=K, PΩ=A",0.2714,0.3,-0.0286,0.6617,LMLGEFLKL,Survivin,0.4666,-1.3898,-1.4277
HER2,S310F,TDVGFCTLV,TDVGSCTLV,5,"P2=D, PΩ=V",0.4714,0.4714,0.0,0.4606,GLCTLVAML,EBV BMLF1,0.466,-1.7054,2.18
KRAS,G12V,VGAVGVGKS,VGAGGVGKS,4,"P2=G, PΩ=S",0.4,0.4,0.0,0.5288,AAGIGILTV,Melan-A/MART-1,0.4644,1.053,0.1125
HER2,S310F,FCTLVCPLH,SCTLVCPLH,1,"P2=C, PΩ=H",0.4286,0.4286,0.0,0.4997,IISAVVGIL,HER2/neu,0.4641,1.2237,0.6363
KRAS,G13D,VGAGDVGKS,VGAGGVGKS,5,"P2=G, PΩ=S",0.3714,0.4,-0.0286,0.5291,LMLGEFLKL,Survivin,0.4503,0.1031,-0.9209
TP53,G245S,MGSMNRRPI,MGGMNRRPI,3,"P2=G, PΩ=I",0.5143,0.5143,0.0,0.3814,CMTWNQMNL,WT1,0.4478,1.7367,-1.1983
KRAS,G12C,VGACGVGKS,VGAGGVGKS,4,"P2=G, PΩ=S",0.4,0.4,0.0,0.4948,AAGIGILTV,Melan-A/MART-1,0.4474,0.9529,-0.052
TP53,R248W,SSCMGGMNW,SSCMGGMNR,9,"P2=S, PΩ=W",0.4286,0.1857,0.2429,0.4592,AAGIGILTV,Melan-A/MART-1,0.4439,0.941,-0.2855
KRAS,G12D,ADGVGKSAL,AGGVGKSAL,2,"P2=D, PΩ=L",0.4429,0.6857,-0.2429,0.4445,AAGIGILTV,Melan-A/MART-1,0.4437,1.883,-0.61
TP53,R248Q,SSCMGGMNQ,SSCMGGMNR,9,"P2=S, PΩ=Q",0.4286,0.1857,0.2429,0.4576,AAGIGILTV,Melan-A/MART-1,0.4431,1.2003,-0.4396
TP53,R273H,EVHVCACPG,EVRVCACPG,3,"P2=V, PΩ=G",0.5429,0.5143,0.0286,0.334,NLVPMVATV,CMV pp65,0.4384,1.0119,-0.2804
TP53,R273H,GRNSFEVHV,GRNSFEVRV,8,"P2=R, PΩ=V",0.4429,0.4143,0.0286,0.4272,VLDGLDVLL,PRAME,0.435,1.4362,1.3715
HER2,S310F,VGFCTLVCP,VGSCTLVCP,3,"P2=G, PΩ=P",0.4286,0.4286,0.0,0.4344,AAGIGILTV,Melan-A/MART-1,0.4315,-0.6913,-0.738
EGFR,L858R,FGRAKLLGA,FGLAKLLGA,3,"P2=G, PΩ=A",0.5143,0.5429,-0.0286,0.3482,ILKEPVHGV,HIV-1 RT,0.4312,1.517,-1.6304
KRAS,G13D,KLVVVGAGD,KLVVVGAGG,9,"P2=L, PΩ=D",0.4429,0.6857,-0.2429,0.4173,NLVPMVATV,CMV pp65,0.4301,-0.3738,-0.0603
KRAS,G12V,YKLVVVGAV,YKLVVVGAG,9,"P2=K, PΩ=V",0.4714,0.1857,0.2857,0.3821,IISAVVGIL,HER2/neu,0.4268,-0.3916,0.1788
HER2,R678Q,GILIKRQQQ,GILIKRRQQ,7,"P2=I, PΩ=Q",0.5143,0.4857,0.0286,0.3347,SLLMWITQC,NY-ESO-1,0.4245,-0.6702,0.2635
HER2,V777L,EAYVMAGLG,EAYVMAGVG,8,"P2=A, PΩ=G",0.5429,0.5429,0.0,0.3023,FLYALALLL,EBV LMP2A,0.4226,-1.1869,0.3915
HER2,V777L,DEAYVMAGL,DEAYVMAGV,9,"P2=E, PΩ=L",0.4429,0.4429,0.0,0.4008,NLVPMVATV,CMV pp65,0.4218,1.0349,1.7655
KRAS,G12V,VGVGKSALT,GGVGKSALT,1,"P2=G, PΩ=T",0.5429,0.5429,0.0,0.2972,LLFGYPVYV,HTLV-1 Tax,0.42,-0.2905,-0.3166
EGFR,G719S,SSGAFGTVY,GSGAFGTVY,1,"P2=S, PΩ=Y",0.4286,0.4286,0.0,0.4093,ALCRWGLLL,HER2/neu,0.4189,0.4318,2.4568
TP53,R273H,SFEVHVCAC,SFEVRVCAC,5,"P2=F, PΩ=C",0.4,0.3714,0.0286,0.436,VLDFAPPGA,WT1,0.418,1.1595,0.7524
KRAS,G12R,ARGVGKSAL,AGGVGKSAL,2,"P2=R, PΩ=L",0.4429,0.6857,-0.2429,0.3898,AAGIGILTV,Melan-A/MART-1,0.4163,1.7997,-0.5693
TP53,R175H,EVVRHCPHH,EVVRRCPHH,5,"P2=V, PΩ=H",0.5143,0.4857,0.0286,0.3101,SLLMWITQC,NY-ESO-1,0.4122,-1.5439,1.7426
KRAS,G12C,CGVGKSALT,GGVGKSALT,1,"P2=G, PΩ=T",0.5429,0.5429,0.0,0.2691,LLFGYPVYV,HTLV-1 Tax,0.406,-0.4624,-0.1332
TP53,R175H,QHMTEVVRH,QHMTEVVRR,9,"P2=H, PΩ=H",0.3714,0.1286,0.2429,0.4281,LMLGEFLKL,Survivin,0.3998,-1.5855,-1.4423
EGFR,L858R,TDFGRAKLL,TDFGLAKLL,5,"P2=D, PΩ=L",0.4143,0.4429,-0.0286,0.3816,RMFPNAPYL,WT1,0.3979,-2.2835,-0.6154
TP53,R248W,WRPILTIIT,RRPILTIIT,1,"P2=R, PΩ=T",0.3286,0.3,0.0286,0.4649,FLYALALLL,EBV LMP2A,0.3967,1.7199,-0.5401
KRAS,G12D,DGVGKSALT,GGVGKSALT,1,"P2=G, PΩ=T",0.5143,0.5429,-0.0286,0.269,NLVPMVATV,CMV pp65,0.3916,-1.3098,-0.0651
HER2,V777L,GLGSPYVSR,GVGSPYVSR,2,"P2=L, PΩ=R",0.4714,0.3286,0.1429,0.3105,AAGIGILTV,Melan-A/MART-1,0.391,0.8438,-0.2474
KRAS,G13D,VVGAGDVGK,VVGAGGVGK,6,"P2=V, PΩ=K",0.3,0.3286,-0.0286,0.4734,YLSGANLNL,CEA,0.3867,3.2977,-1.2186
KRAS,G12C,VVGACGVGK,VVGAGGVGK,5,"P2=V, PΩ=K",0.3286,0.3286,0.0,0.437,YLSGANLNL,CEA,0.3828,2.9502,0.3368
HER2,V777L,AGLGSPYVS,AGVGSPYVS,3,"P2=G, PΩ=S",0.4286,0.4286,0.0,0.3359,GILGFVFTL,Influenza A M1,0.3822,-0.173,-0.6243
HER2,V777L,AYVMAGLGS,AYVMAGVGS,7,"P2=Y, PΩ=S",0.4286,0.4286,0.0,0.3232,AAGIGILTV,Melan-A/MART-1,0.3759,1.4211,0.106
HER2,R678Q,QQQKIRKYT,RQQKIRKYT,1,"P2=Q, PΩ=T",0.4857,0.4571,0.0286,0.262,ILAKFLHWL,hTERT,0.3739,0.3762,0.4082
HER2,R678Q,ILIKRQQQK,ILIKRRQQK,6,"P2=L, PΩ=K",0.4143,0.3857,0.0286,0.3336,LLGRNSFEV,p53,0.3739,0.4097,0.1183
KRAS,G12V,VVGAVGVGK,VVGAGGVGK,5,"P2=V, PΩ=K",0.3286,0.3286,0.0,0.4183,YLSGANLNL,CEA,0.3734,2.9162,0.7157
HER2,R678Q,VFGILIKRQ,VFGILIKRR,9,"P2=F, PΩ=Q",0.3714,0.1286,0.2429,0.3703,CLGGLLTMV,EBV LMP2A,0.3709,1.3702,2.5538
HER2,S310F,NYLSTDVGF,NYLSTDVGS,9,"P2=Y, PΩ=F",0.4,0.4,0.0,0.3409,YLSGANLNL,CEA,0.3704,-0.2365,-1.1904
TP53,R273H,RNSFEVHVC,RNSFEVRVC,7,"P2=N, PΩ=C",0.3714,0.3429,0.0286,0.3663,RLLQETELV,HER2/neu,0.3689,-0.6606,-0.8065
EGFR,T790M,VQLIMQLMP,VQLITQLMP,5,"P2=Q, PΩ=P",0.4286,0.4286,0.0,0.3082,FLYALALLL,EBV LMP2A,0.3684,0.7249,0.371
KRAS,G12D,VGADGVGKS,VGAGGVGKS,4,"P2=G, PΩ=S",0.3714,0.4,-0.0286,0.3446,STAPPVHNV,MUC1,0.358,0.6256,-0.5532
TP53,R175H,VVRHCPHHE,VVRRCPHHE,4,"P2=V, PΩ=E",0.3,0.2714,0.0286,0.4119,ILKEPVHGV,HIV-1 RT,0.3559,1.7323,0.3996
TP53,R273H,LGRNSFEVH,LGRNSFEVR,9,"P2=G, PΩ=H",0.3714,0.1286,0.2429,0.3329,ILKEPVHGV,HIV-1 RT,0.3522,-0.0152,-1.2407
TP53,R175H,RHCPHHERC,RRCPHHERC,2,"P2=H, PΩ=C",0.3429,0.1,0.2429,0.3562,RLLQETELV,HER2/neu,0.3495,-2.0651,-1.2529
KRAS,G12R,VGARGVGKS,VGAGGVGKS,4,"P2=G, PΩ=S",0.3714,0.4,-0.0286,0.3219,STAPPVHNV,MUC1,0.3467,1.1981,0.4514
EGFR,L858R,KITDFGRAK,KITDFGLAK,7,"P2=I, PΩ=K",0.2429,0.2714,-0.0286,0.4359,KVAELVHFL,MAGE-A3,0.3394,-0.6463,0.7208
EGFR,L858R,DFGRAKLLG,DFGLAKLLG,4,"P2=F, PΩ=G",0.3429,0.3714,-0.0286,0.3237,ALCRWGLLL,HER2/neu,0.3333,1.3882,0.0745
KRAS,G12D,VVGADGVGK,VVGAGGVGK,5,"P2=V, PΩ=K",0.3,0.3286,-0.0286,0.3653,LLGRNSFEV,p53,0.3327,2.2742,-1.3551
TP53,R248W,SCMGGMNWR,SCMGGMNRR,8,"P2=C, PΩ=R",0.1857,0.1571,0.0286,0.4671,KIFGSLAFL,HER2/neu (E75),0.3264,-2.3472,-0.2362
TP53,G245S,NSSCMGSMN,NSSCMGGMN,7,"P2=S, PΩ=N",0.4286,0.4286,0.0,0.2198,GLCTLVAML,EBV BMLF1,0.3242,0.3025,0.8197
KRAS,G12R,VVGARGVGK,VVGAGGVGK,5,"P2=V, PΩ=K",0.3,0.3286,-0.0286,0.3284,LLGRNSFEV,p53,0.3142,2.4558,-0.0215
EGFR,G719S,EFKKIKVLS,EFKKIKVLG,9,"P2=F, PΩ=S",0.3143,0.3143,0.0,0.3069,ALCRWGLLL,HER2/neu,0.3106,0.7333,0.5517
TP53,R273H,HVCACPGRD,RVCACPGRD,1,"P2=V, PΩ=D",0.3,0.2714,0.0286,0.297,YLSGANLNL,CEA,0.2985,-0.2845,-0.5891
TP53,G245S,SSCMGSMNR,SSCMGGMNR,6,"P2=S, PΩ=R",0.1857,0.1857,0.0,0.4086,AAGIGILTV,Melan-A/MART-1,0.2972,1.0923,-0.4785
EGFR,L858R,HVKITDFGR,HVKITDFGL,9,"P2=V, PΩ=R",0.2714,0.8,-0.5286,0.3164,YLSGANLNL,CEA,0.2939,2.1734,-1.7324
HER2,R678Q,RQQQKIRKY,RRQQKIRKY,2,"P2=Q, PΩ=Y",0.3143,0.0714,0.2429,0.245,KTWGQYWQV,gp100,0.2796,-0.942,-0.8953
TP53,R248Q,QRPILTIIT,RRPILTIIT,1,"P2=R, PΩ=T",0.3286,0.3,0.0286,0.2258,FLYALALLL,EBV LMP2A,0.2772,0.622,0.5662
HER2,R678Q,FGILIKRQQ,FGILIKRRQ,8,"P2=G, PΩ=Q",0.3714,0.3429,0.0286,0.1741,FLWGPRALV,MAGE-A3,0.2728,1.0703,-0.07
KRAS,G12C,YKLVVVGAC,YKLVVVGAG,9,"P2=K, PΩ=C",0.1857,0.1857,0.0,0.359,NLVPMVATV,CMV pp65,0.2724,-0.3329,0.1534
TP53,R175H,HCPHHERCS,RCPHHERCS,1,"P2=C, PΩ=S",0.3714,0.3429,0.0286,0.1415,ALCRWGLLL,HER2/neu,0.2565,0.6852,-0.6276
EGFR,G719S,KKIKVLSSG,KKIKVLGSG,7,"P2=K, PΩ=G",0.1286,0.1286,0.0,0.3828,NLVPMVATV,CMV pp65,0.2557,-1.5489,0.5216
TP53,R248Q,SCMGGMNQR,SCMGGMNRR,8,"P2=C, PΩ=R",0.1857,0.1571,0.0286,0.3249,STAPPVHNV,MUC1,0.2553,-1.0487,-0.4607
KRAS,G13D,GDVGKSALT,GGVGKSALT,2,"P2=D, PΩ=T",0.3,0.5429,-0.2429,0.2082,GLCTLVAML,EBV BMLF1,0.2541,-1.0964,0.0283
TP53,G245S,SCMGSMNRR,SCMGGMNRR,5,"P2=C, PΩ=R",0.1571,0.1571,0.0,0.3111,LMLGEFLKL,Survivin,0.2341,-1.4529,-0.2717
EGFR,G719S,IKVLSSGAF,IKVLGSGAF,5,"P2=K, PΩ=F",0.1857,0.1857,0.0,0.2808,IISAVVGIL,HER2/neu,0.2333,0.8972,-0.3002
TP53,R273H,FEVHVCACP,FEVRVCACP,4,"P2=E, PΩ=P",0.1857,0.1571,0.0286,0.264,FLYALALLL,EBV LMP2A,0.2249,0.8279,0.2188
TP53,R273H,VHVCACPGR,VRVCACPGR,2,"P2=H, PΩ=R",0.1857,0.0,0.1857,0.1814,AAGIGILTV,Melan-A/MART-1,0.1836,0.8076,0.2044
EGFR,G719S,FKKIKVLSS,FKKIKVLGS,8,"P2=K, PΩ=S",0.1286,0.1286,0.0,0.2315,AAGIGILTV,Melan-A/MART-1,0.18,1.9176,-1.1729
EGFR,L858R,RAKLLGAEE,LAKLLGAEE,1,"P2=A, PΩ=E",0.2429,0.2714,-0.0286,0.0834,NLVPMVATV,CMV pp65,0.1631,0.6359,-0.1552
EGFR,L858R,GRAKLLGAE,GLAKLLGAE,2,"P2=R, PΩ=E",0.0,0.4429,-0.4429,0.3228,GLCTLVAML,EBV BMLF1,0.1614,0.3847,2.7165
TP53,R175H,VRHCPHHER,VRRCPHHER,3,"P2=R, PΩ=R",0.0,0.0,0.0,0.228,KTWGQYWQV,gp100,0.114,1.8566,-1.7214
TP53,R175H,TEVVRHCPH,TEVVRRCPH,6,"P2=E, PΩ=H",0.1571,0.1286,0.0286,0.0557,KTWGQYWQV,gp100,0.1064,-0.1048,-0.8286
KRAS,G12R,YKLVVVGAR,YKLVVVGAG,9,"P2=K, PΩ=R",0.0,0.1857,-0.1857,0.2066,IISAVVGIL,HER2/neu,0.1033,-0.3154,0.1334
HER2,R678Q,KRQQQKIRK,KRRQQKIRK,3,"P2=R, PΩ=K",0.0,0.0,0.0,0.1938,KTWGQYWQV,gp100,0.0969,0.2327,-2.9503
HER2,R678Q,IKRQQQKIR,IKRRQQKIR,4,"P2=K, PΩ=R",0.0,0.0,0.0,0.1925,ILKEPVHGV,HIV-1 RT,0.0963,0.8749,-1.1974
KRAS,G12D,YKLVVVGAD,YKLVVVGAG,9,"P2=K, PΩ=D",0.0,0.1857,-0.1857,0.1642,IISAVVGIL,HER2/neu,0.0821,-0.1339,0.032
